[{
	"id": 2,
	"shopName": "b",
	"phoneNumber": "123",
	"facebook": "123",
	"email": "123",
	"status": null,
	"rating": null,
	"policy": null,
	"latitude": "10.845050",
	"longtitude": "106.629650",
	"fullAddress": ""
}, {
	"id": 5,
	"shopName": "e",
	"phoneNumber": "123",
	"facebook": "123",
	"email": "123",
	"status": null,
	"rating": null,
	"policy": null,
	"latitude": "10.849555",
	"longtitude": "106.636612",
	"fullAddress": ""
}, {
	"id": 1,
	"shopName": "a",
	"phoneNumber": "123",
	"facebook": "123",
	"email": "123",
	"status": null,
	"rating": null,
	"policy": null,
	"latitude": "10.849480",
	"longtitude": "106.636421",
	"fullAddress": ""
}, {
	"id": 2,
	"shopName": "a",
	"phoneNumber": "123",
	"facebook": "123",
	"email": "123",
	"status": null,
	"rating": null,
	"policy": null,
	"latitude": "10.839480",
	"longtitude": "106.653080",
	"fullAddress": ""
}, {
	"id": 2,
	"shopName": "a",
	"phoneNumber": "123",
	"facebook": "123",
	"email": "123",
	"status": null,
	"rating": null,
	"policy": null,
	"latitude": "10.795408",
	"longtitude": "106.68543",
	"fullAddress": ""
}, {
	"id": 2,
	"shopName": "a",
	"phoneNumber": "123",
	"facebook": "123",
	"email": "123",
	"status": null,
	"rating": null,
	"policy": null,
	"latitude": "10.795633",
	"longtitude": "106.68543",
	"fullAddress": ""
}, {
	"id": 2,
	"shopName": "a",
	"phoneNumber": "123",
	"facebook": "123",
	"email": "123",
	"status": null,
	"rating": null,
	"policy": null,
	"latitude": "10.795973",
	"longtitude": "106.685704",
	"fullAddress": ""
}, {
	"id": 2,
	"shopName": "a",
	"phoneNumber": "123",
	"facebook": "123",
	"email": "123",
	"status": null,
	"rating": null,
	"policy": null,
	"latitude": "10.794739",
	"longtitude": "106.685905",
	"fullAddress": ""
}, {
	"id": 2,
	"shopName": "SACOMBANK",
	"phoneNumber": "123",
	"facebook": "123",
	"email": "123",
	"status": null,
	"rating": null,
	"policy": null,
	"latitude": "10.7900975",
	"longtitude": "106.6866784",
	"fullAddress": ""
}, {
	"id": 2,
	"shopName": "SACOMBANK",
	"phoneNumber": "123",
	"facebook": "123",
	"email": "123",
	"status": null,
	"rating": null,
	"policy": null,
	"latitude": "10.788425",
	"longtitude": "106.685842",
	"fullAddress": ""
}, {
	"id": 2,
	"shopName": "Cho bui phat",
	"phoneNumber": "123",
	"facebook": "123",
	"email": "123",
	"status": null,
	"rating": null,
	"policy": null,
	"latitude": "10.788418",
	"longtitude": "106.67568",
	"fullAddress": ""
}, {
	"id": 2,
	"shopName": "Công Viên Lê Văn Tám",
	"phoneNumber": "123",
	"facebook": "123",
	"email": "123",
	"status": null,
	"rating": null,
	"policy": null,
	"latitude": "10.786939",
	"longtitude": "106.694148",
	"fullAddress": ""
}]