{
  "webapp/Component.js": "1553437619173",
  "webapp/controller/App.Controller.js": "1553059778087",
  "webapp/controller/BaseController.js": "1553438043108",
  "webapp/controller/Home.Controller.js": "1553486459761",
  "webapp/controller/LoginAndRegister.Controller.js": "1553159556427",
  "webapp/controller/LoginPage.Controller.js": "1553485907660",
  "webapp/controller/NearByLocation.Controller.js": "1553348693724",
  "webapp/controller/Notification.Controller.js": "1553430634788",
  "webapp/controller/NotificationDetail.Controller.js": "1553430760320",
  "webapp/controller/RegisterPage.Controller.js": "1553159786106",
  "webapp/controller/ResultSearchItem.Controller.js": "1553455166717",
  "webapp/controller/ResultSearchShop.Controller.js": "1553454780071",
  "webapp/controller/SearchFilterShop.Controller.js": "1553363914273",
  "webapp/controller/SearchHistoryFragment.controller.js": "1553058722131",
  "webapp/controller/SearchItem.Controller.js": "1553454965511",
  "webapp/controller/SearchShop.controller.js": "1553453564338",
  "webapp/controller/ShopDetail.Controller.js": "1553227208185",
  "webapp/controller/UserDetail.Controller.js": "1553454292847",
  "webapp/css/style.css": "1553454519619",
  "webapp/extended_runnable_file.html": "1553058722141",
  "webapp/fragment/FilterBox.fragment.xml": "1553337256559",
  "webapp/i18n/i18n.properties": "1553454584576",
  "webapp/images/logo.jpg": "1553064383216",
  "webapp/index.html": "1553166232770",
  "webapp/localService/metadata.xml": "1553058722155",
  "webapp/localService/mockdata/Entity1_Set.json": "1553058722159",
  "webapp/localService/mockdata/Entity2_Set.json": "1553058722164",
  "webapp/localService/mockdata/Entity3_Set.json": "1553058722168",
  "webapp/manifest.json": "1553455217557",
  "webapp/model/account.json": "1552471074377",
  "webapp/model/category.json": "1552621118260",
  "webapp/model/dataDistrisct.json": "1552883657559",
  "webapp/model/dataLocation.json": "1552540189953",
  "webapp/model/formatter.js": "1553434669931",
  "webapp/model/location.json": "1553013221760",
  "webapp/model/models.js": "1553486177768",
  "webapp/model/notifications.json": "1553055547290",
  "webapp/model/shop.json": "1553436714400",
  "webapp/model/shopByFilter.json": "1553345694944",
  "webapp/model/shopDetail.json": "1553436737321",
  "webapp/model/userDetail.json": "1552885056691",
  "webapp/view/App.view.xml": "1553058909683",
  "webapp/view/Home.view.xml": "1553437729945",
  "webapp/view/LoginAndRegister.view.xml": "1553438305743",
  "webapp/view/LoginPage.view.xml": "1553454433349",
  "webapp/view/NearByLocation.view.xml": "1553348066500",
  "webapp/view/Notification.view.xml": "1553438389312",
  "webapp/view/NotificationDetail.view.xml": "1553438395456",
  "webapp/view/RegisterPage.view.xml": "1553159760461",
  "webapp/view/ResultSearchItem.view.xml": "1553455068040",
  "webapp/view/ResultSearchShop.view.xml": "1553438407076",
  "webapp/view/SearchFilterShop.view.xml": "1553363526016",
  "webapp/view/SearchItem.view.xml": "1553454998031",
  "webapp/view/SearchShop.view.xml": "1553453696787",
  "webapp/view/ShopDetail.view.xml": "1553438429361",
  "webapp/view/UserDetail.view.xml": "1553438434173"
}